{
    "math_word_problem_generation": {
        "initial_model=gpt-4-0613": {
            "baseline_model=Llama-2-70b-chat-hf__Mixtral-8x7B-Instruct-v0.1__Qwen1.5-72B-Chat": {
                "prompt=majority_vote": {
                    "total_num": 140,
                    "prediction_error_num": 29,
                    "gold_error_num": 87,
                    "metrics": {
                        "accuracy": 0.4857142857142857,
                        "precision": 0.7586206896551724,
                        "recall": 0.25287356321839083,
                        "f1": 0.3793103448275862,
                        "true_negative_rate": 0.32857142857142857,
                        "false_positive_rate": 0.05,
                        "false_negative_rate": 0.4642857142857143,
                        "true_positive_rate": 0.15714285714285714
                    }
                },
                "average": {
                    "total_num": 140,
                    "gold_error_num": 87,
                    "metrics": {
                        "accuracy": {
                            "average": 0.4857142857142857,
                            "stdev": 0.0
                        },
                        "precision": {
                            "average": 0.7586206896551724,
                            "stdev": 0.0
                        },
                        "recall": {
                            "average": 0.25287356321839083,
                            "stdev": 0.0
                        },
                        "f1": {
                            "average": 0.3793103448275862,
                            "stdev": 0.0
                        },
                        "true_negative_rate": {
                            "average": 0.32857142857142857,
                            "stdev": 0.0
                        },
                        "false_positive_rate": {
                            "average": 0.05,
                            "stdev": 0.0
                        },
                        "false_negative_rate": {
                            "average": 0.4642857142857143,
                            "stdev": 0.0
                        },
                        "true_positive_rate": {
                            "average": 0.15714285714285714,
                            "stdev": 0.0
                        }
                    }
                }
            }
        },
        "initial_model=meta-llama/Llama-2-70b-chat-hf": {
            "baseline_model=Llama-2-70b-chat-hf__Mixtral-8x7B-Instruct-v0.1__Qwen1.5-72B-Chat": {
                "prompt=majority_vote": {
                    "total_num": 160,
                    "prediction_error_num": 58,
                    "gold_error_num": 128,
                    "metrics": {
                        "accuracy": 0.5125,
                        "precision": 0.9310344827586207,
                        "recall": 0.421875,
                        "f1": 0.5806451612903226,
                        "true_negative_rate": 0.175,
                        "false_positive_rate": 0.025,
                        "false_negative_rate": 0.4625,
                        "true_positive_rate": 0.3375
                    }
                },
                "average": {
                    "total_num": 160,
                    "gold_error_num": 128,
                    "metrics": {
                        "accuracy": {
                            "average": 0.5125,
                            "stdev": 0.0
                        },
                        "precision": {
                            "average": 0.9310344827586207,
                            "stdev": 0.0
                        },
                        "recall": {
                            "average": 0.421875,
                            "stdev": 0.0
                        },
                        "f1": {
                            "average": 0.5806451612903226,
                            "stdev": 0.0
                        },
                        "true_negative_rate": {
                            "average": 0.175,
                            "stdev": 0.0
                        },
                        "false_positive_rate": {
                            "average": 0.025,
                            "stdev": 0.0
                        },
                        "false_negative_rate": {
                            "average": 0.4625,
                            "stdev": 0.0
                        },
                        "true_positive_rate": {
                            "average": 0.3375,
                            "stdev": 0.0
                        }
                    }
                }
            }
        }
    },
    "finegrained_fact_verification": {
        "initial_model=gpt-4-0613": {
            "baseline_model=Llama-2-70b-chat-hf__Mixtral-8x7B-Instruct-v0.1__Qwen1.5-72B-Chat": {
                "prompt=majority_vote": {
                    "total_num": 140,
                    "prediction_error_num": 40,
                    "gold_error_num": 88,
                    "metrics": {
                        "accuracy": 0.44285714285714284,
                        "precision": 0.625,
                        "recall": 0.2840909090909091,
                        "f1": 0.390625,
                        "true_negative_rate": 0.2642857142857143,
                        "false_positive_rate": 0.10714285714285714,
                        "false_negative_rate": 0.45,
                        "true_positive_rate": 0.17857142857142858
                    }
                },
                "average": {
                    "total_num": 140,
                    "gold_error_num": 88,
                    "metrics": {
                        "accuracy": {
                            "average": 0.44285714285714284,
                            "stdev": 0.0
                        },
                        "precision": {
                            "average": 0.625,
                            "stdev": 0.0
                        },
                        "recall": {
                            "average": 0.2840909090909091,
                            "stdev": 0.0
                        },
                        "f1": {
                            "average": 0.390625,
                            "stdev": 0.0
                        },
                        "true_negative_rate": {
                            "average": 0.2642857142857143,
                            "stdev": 0.0
                        },
                        "false_positive_rate": {
                            "average": 0.10714285714285714,
                            "stdev": 0.0
                        },
                        "false_negative_rate": {
                            "average": 0.45,
                            "stdev": 0.0
                        },
                        "true_positive_rate": {
                            "average": 0.17857142857142858,
                            "stdev": 0.0
                        }
                    }
                }
            }
        },
        "initial_model=meta-llama/Llama-2-70b-chat-hf": {
            "baseline_model=Llama-2-70b-chat-hf__Mixtral-8x7B-Instruct-v0.1__Qwen1.5-72B-Chat": {
                "prompt=majority_vote": {
                    "total_num": 160,
                    "prediction_error_num": 16,
                    "gold_error_num": 129,
                    "metrics": {
                        "accuracy": 0.29375,
                        "precision": 1.0,
                        "recall": 0.12403100775193798,
                        "f1": 0.2206896551724138,
                        "true_negative_rate": 0.19375,
                        "false_positive_rate": 0.0,
                        "false_negative_rate": 0.70625,
                        "true_positive_rate": 0.1
                    }
                },